{
    "mae": 5.202863674615623,
    "rmse": 7.169299609803024,
    "r2": 0.735209301205607
}