prediction_threshold,n_predicted_at_risk,true_positives,false_negatives,false_positives,recall,precision
45,106,102,272,4,0.2727272727272727,0.9622641509433962
50,273,247,127,26,0.660427807486631,0.9047619047619048
55,527,321,53,206,0.8582887700534759,0.6091081593927894
60,851,350,24,501,0.9358288770053476,0.4112808460634548
